{
  "046c6af3edcbfc78b047114b0063f594": {
    "ph-addons": [],
    "product_extras": {
      "product_id": 13831,
      "title": "Passion Fruit Mille Crepes",
      "groups": {
        "14221": {
          "14222": {
            "type": "select",
            "label": "Phụ kiện",
            "id": "pewc_group_14221_14222",
            "group_id": "14221",
            "field_id": 14222,
            "price": 10000,
            "value": "Set phụ kiện nến que",
            "flat_rate": [],
            "hidden": "",
            "price_visibility": "hidden",
            "value_without_price": "Set phụ kiện nến que"
          }
        }
      },
      "price_with_extras": 635000,
      "original_price": 625000,
      "aelia_currency": false
    },
    "product_extras_": {
      "product_id": 13831,
      "title": "Passion Fruit Mille Crepes",
      "groups": {
        "14221": {
          "14222": {
            "type": "select",
            "label": "Phụ kiện",
            "id": "pewc_group_14221_14222",
            "group_id": "14221",
            "field_id": 14222,
            "price": 10000,
            "value": "Set phụ kiện nến que",
            "flat_rate": [],
            "hidden": "",
            "price_visibility": "hidden",
            "value_without_price": "Set phụ kiện nến que"
          }
        }
      },
      "price_with_extras": 635000,
      "original_price": 625000,
      "aelia_currency": false
    },
    "key": "046c6af3edcbfc78b047114b0063f594",
    "product_id": 13831,
    "variation_id": 13832,
    "variation": {
      "attribute_pa_size": "size-6"
    },
    "quantity": 1,
    "data_hash": "90a8ff0e6425195f7ac1e38e40b4cc7a",
    "line_tax_data": {
      "subtotal": [],
      "total": []
    },
    "line_subtotal": 635000,
    "line_subtotal_tax": 0,
    "line_total": 635000,
    "line_tax": 0,
    "data": {},
    "product_name": "Passion Fruit Mille Crepes",
    "variation_name": "Passion Fruit Mille Crepes - </span>Size 6, no-addon",
    "variation_sku": "",
    "product_sku": "",
    "extras": [
      {
        "label": "Phụ kiện",
        "value": "Set phụ kiện nến que"
      }
    ]
  },
  "7b46d31322bfba07f81a0403ad0d6d6d": {
    "ph-addons": [],
    "product_extras": {
      "product_id": 13799,
      "title": "Pistachio Mille Crepes",
      "groups": {
        "14221": {
          "14222": {
            "type": "select",
            "label": "Phụ kiện",
            "id": "pewc_group_14221_14222",
            "group_id": "14221",
            "field_id": 14222,
            "price": 0,
            "value": "Set phụ kiện 01 nến số",
            "flat_rate": [],
            "hidden": "",
            "price_visibility": "hidden",
            "value_without_price": "Set phụ kiện 01 nến số"
          },
          "14223": {
            "type": "select",
            "label": "Chọn nến số thứ nhất",
            "id": "pewc_group_14221_14223",
            "group_id": "14221",
            "field_id": 14223,
            "price": 20000,
            "value": "Nến số 4",
            "flat_rate": [],
            "hidden": "",
            "price_visibility": "hidden",
            "value_without_price": "Nến số 4"
          }
        }
      },
      "price_with_extras": 715000,
      "original_price": 695000,
      "aelia_currency": false
    },
    "product_extras_": {
      "product_id": 13799,
      "title": "Pistachio Mille Crepes",
      "groups": {
        "14221": {
          "14222": {
            "type": "select",
            "label": "Phụ kiện",
            "id": "pewc_group_14221_14222",
            "group_id": "14221",
            "field_id": 14222,
            "price": 0,
            "value": "Set phụ kiện 01 nến số",
            "flat_rate": [],
            "hidden": "",
            "price_visibility": "hidden",
            "value_without_price": "Set phụ kiện 01 nến số"
          },
          "14223": {
            "type": "select",
            "label": "Chọn nến số thứ nhất",
            "id": "pewc_group_14221_14223",
            "group_id": "14221",
            "field_id": 14223,
            "price": 20000,
            "value": "Nến số 4",
            "flat_rate": [],
            "hidden": "",
            "price_visibility": "hidden",
            "value_without_price": "Nến số 4"
          }
        }
      },
      "price_with_extras": 715000,
      "original_price": 695000,
      "aelia_currency": false
    },
    "key": "7b46d31322bfba07f81a0403ad0d6d6d",
    "product_id": 13799,
    "variation_id": 13800,
    "variation": {
      "attribute_pa_size": "size-6"
    },
    "quantity": 1,
    "data_hash": "90a8ff0e6425195f7ac1e38e40b4cc7a",
    "line_tax_data": {
      "subtotal": [],
      "total": []
    },
    "line_subtotal": 715000,
    "line_subtotal_tax": 0,
    "line_total": 715000,
    "line_tax": 0,
    "data": {},
    "product_name": "Pistachio Mille Crepes",
    "variation_name": "Pistachio Mille Crepes - </span>Size 6, no-addon",
    "variation_sku": "",
    "product_sku": "",
    "extras": [
      {
        "label": "Phụ kiện",
        "value": "Set phụ kiện 01 nến số"
      },
      {
        "label": "Chọn nến số thứ nhất",
        "value": "Nến số 4"
      }
    ]
  },
  "eab7fc2e675481905605f3120e8e8fc4": {
    "ph-addons": [],
    "product_extras": {
      "product_id": 13831,
      "title": "Passion Fruit Mille Crepes",
      "groups": {
        "14221": {
          "14222": {
            "type": "select",
            "label": "Phụ kiện",
            "id": "pewc_group_14221_14222",
            "group_id": "14221",
            "field_id": 14222,
            "price": 0,
            "value": "Set phụ kiện 02 nến số",
            "flat_rate": [],
            "hidden": "",
            "price_visibility": "hidden",
            "value_without_price": "Set phụ kiện 02 nến số"
          },
          "14223": {
            "type": "select",
            "label": "Chọn nến số thứ nhất",
            "id": "pewc_group_14221_14223",
            "group_id": "14221",
            "field_id": 14223,
            "price": 20000,
            "value": "Nến số 1",
            "flat_rate": [],
            "hidden": "",
            "price_visibility": "hidden",
            "value_without_price": "Nến số 1"
          },
          "14224": {
            "type": "select",
            "label": "Chọn nến số thứ 2",
            "id": "pewc_group_14221_14224",
            "group_id": "14221",
            "field_id": 14224,
            "price": 20000,
            "value": "Nến số 5",
            "flat_rate": [],
            "hidden": "",
            "price_visibility": "hidden",
            "value_without_price": "Nến số 5"
          }
        }
      },
      "price_with_extras": 1165000,
      "original_price": 1125000,
      "aelia_currency": false
    },
    "product_extras_": {
      "product_id": 13831,
      "title": "Passion Fruit Mille Crepes",
      "groups": {
        "14221": {
          "14222": {
            "type": "select",
            "label": "Phụ kiện",
            "id": "pewc_group_14221_14222",
            "group_id": "14221",
            "field_id": 14222,
            "price": 0,
            "value": "Set phụ kiện 02 nến số",
            "flat_rate": [],
            "hidden": "",
            "price_visibility": "hidden",
            "value_without_price": "Set phụ kiện 02 nến số"
          },
          "14223": {
            "type": "select",
            "label": "Chọn nến số thứ nhất",
            "id": "pewc_group_14221_14223",
            "group_id": "14221",
            "field_id": 14223,
            "price": 20000,
            "value": "Nến số 1",
            "flat_rate": [],
            "hidden": "",
            "price_visibility": "hidden",
            "value_without_price": "Nến số 1"
          },
          "14224": {
            "type": "select",
            "label": "Chọn nến số thứ 2",
            "id": "pewc_group_14221_14224",
            "group_id": "14221",
            "field_id": 14224,
            "price": 20000,
            "value": "Nến số 5",
            "flat_rate": [],
            "hidden": "",
            "price_visibility": "hidden",
            "value_without_price": "Nến số 5"
          }
        }
      },
      "price_with_extras": 1165000,
      "original_price": 1125000,
      "aelia_currency": false
    },
    "key": "eab7fc2e675481905605f3120e8e8fc4",
    "product_id": 13831,
    "variation_id": 13835,
    "variation": {
      "attribute_pa_size": "size-8"
    },
    "quantity": 1,
    "data_hash": "11eb043051920db0b019e5dbd0597e29",
    "line_tax_data": {
      "subtotal": [],
      "total": []
    },
    "line_subtotal": 1165000,
    "line_subtotal_tax": 0,
    "line_total": 1165000,
    "line_tax": 0,
    "data": {},
    "product_name": "Passion Fruit Mille Crepes",
    "variation_name": "Passion Fruit Mille Crepes - </span>Size 8, no-addon",
    "variation_sku": "",
    "product_sku": "",
    "extras": [
      {
        "label": "Phụ kiện",
        "value": "Set phụ kiện 02 nến số"
      },
      {
        "label": "Chọn nến số thứ nhất",
        "value": "Nến số 1"
      },
      {
        "label": "Chọn nến số thứ 2",
        "value": "Nến số 5"
      }
    ]
  },
  "50937f8d4d3e090a8d541fc0c1acabd5": {
    "ph-addons": [],
    "product_extras": {
      "product_id": 14108,
      "title": "Pon Huge Brunch Bag",
      "groups": {
        "14109": {
          "14110": {
            "type": "checkbox",
            "label": "Classic Butter Brioche",
            "id": "pewc_group_14109_14110",
            "group_id": "14109",
            "field_id": "14110",
            "price": 0,
            "value": "__checked__",
            "flat_rate": [],
            "hidden": "",
            "price_visibility": "hidden",
            "value_without_price": "__checked__"
          },
          "14114": {
            "type": "checkbox",
            "label": "Truffle Mushroom & Camembert Brioche",
            "id": "pewc_group_14109_14114",
            "group_id": "14109",
            "field_id": "14114",
            "price": 0,
            "value": "__checked__",
            "flat_rate": [],
            "hidden": "",
            "price_visibility": "hidden"
          }
        }
      },
      "price_with_extras": 750000,
      "original_price": 750000,
      "aelia_currency": false
    },
    "product_extras_": {
      "product_id": 14108,
      "title": "Pon Huge Brunch Bag",
      "groups": {
        "14109": {
          "14110": {
            "type": "checkbox",
            "label": "Classic Butter Brioche",
            "id": "pewc_group_14109_14110",
            "group_id": "14109",
            "field_id": "14110",
            "price": 0,
            "value": "__checked__",
            "flat_rate": [],
            "hidden": "",
            "price_visibility": "hidden",
            "value_without_price": "__checked__"
          },
          "14114": {
            "type": "checkbox",
            "label": "Truffle Mushroom & Camembert Brioche",
            "id": "pewc_group_14109_14114",
            "group_id": "14109",
            "field_id": "14114",
            "price": 0,
            "value": "__checked__",
            "flat_rate": [],
            "hidden": "",
            "price_visibility": "hidden"
          }
        }
      },
      "price_with_extras": 750000,
      "original_price": 750000,
      "aelia_currency": false
    },
    "key": "50937f8d4d3e090a8d541fc0c1acabd5",
    "product_id": 14108,
    "variation_id": 0,
    "variation": [],
    "quantity": 1,
    "data_hash": "b5c1d5ca8bae6d4896cf1807cdf763f0",
    "line_tax_data": {
      "subtotal": [],
      "total": []
    },
    "line_subtotal": 750000,
    "line_subtotal_tax": 0,
    "line_total": 750000,
    "line_tax": 0,
    "data": {},
    "product_name": "Pon Huge Brunch Bag",
    "variation_name": "",
    "variation_sku": "",
    "product_sku": "",
    "extras": [
      {
        "label": "Classic Butter Brioche",
        "value": "__checked__"
      },
      {
        "label": "Truffle Mushroom & Camembert Brioche",
        "value": "__checked__"
      }
    ]
  },
  "df523608a7346fa7b65ab77a66eef4e2": {
    "ph-addons": [],
    "product_extras": {
      "product_id": 14132,
      "title": "Pon Celebration Bag",
      "groups": {
        "14133": {
          "14134": {
            "type": "radio",
            "label": "Chọn trà",
            "id": "pewc_group_14133_14134",
            "group_id": "14133",
            "field_id": "14134",
            "price": 0,
            "value": "South Of France",
            "flat_rate": [],
            "hidden": "",
            "price_visibility": "hidden",
            "value_without_price": "South Of France"
          }
        },
        "14137": {
          "14138": {
            "type": "radio",
            "label": "Chọn Bánh gato",
            "id": "pewc_group_14137_14138",
            "group_id": "14137",
            "field_id": "14138",
            "price": 0,
            "value": "Milky Mille Crepes",
            "flat_rate": [],
            "hidden": "",
            "price_visibility": "hidden",
            "value_without_price": "Milky Mille Crepes"
          }
        }
      },
      "price_with_extras": 1050000,
      "original_price": 1050000,
      "aelia_currency": false
    },
    "product_extras_": {
      "product_id": 14132,
      "title": "Pon Celebration Bag",
      "groups": {
        "14133": {
          "14134": {
            "type": "radio",
            "label": "Chọn trà",
            "id": "pewc_group_14133_14134",
            "group_id": "14133",
            "field_id": "14134",
            "price": 0,
            "value": "South Of France",
            "flat_rate": [],
            "hidden": "",
            "price_visibility": "hidden",
            "value_without_price": "South Of France"
          }
        },
        "14137": {
          "14138": {
            "type": "radio",
            "label": "Chọn Bánh gato",
            "id": "pewc_group_14137_14138",
            "group_id": "14137",
            "field_id": "14138",
            "price": 0,
            "value": "Milky Mille Crepes",
            "flat_rate": [],
            "hidden": "",
            "price_visibility": "hidden",
            "value_without_price": "Milky Mille Crepes"
          }
        }
      },
      "price_with_extras": 1050000,
      "original_price": 1050000,
      "aelia_currency": false
    },
    "key": "df523608a7346fa7b65ab77a66eef4e2",
    "product_id": 14132,
    "variation_id": 0,
    "variation": [],
    "quantity": 1,
    "data_hash": "b5c1d5ca8bae6d4896cf1807cdf763f0",
    "line_tax_data": {
      "subtotal": [],
      "total": []
    },
    "line_subtotal": 1050000,
    "line_subtotal_tax": 0,
    "line_total": 1050000,
    "line_tax": 0,
    "data": {},
    "product_name": "Pon Celebration Bag",
    "variation_name": "",
    "variation_sku": "",
    "product_sku": "",
    "extras": [
      {
        "label": "Chọn trà",
        "value": "South Of France"
      },
      {
        "label": "Chọn Bánh gato",
        "value": "Milky Mille Crepes"
      }
    ]
  }
}
