{
  "a": {
    "046c6af3edcbfc78b047114b0063f594": {
      "ph-addons": [],
      "product_extras": {
        "product_id": 13831,
        "title": "Passion Fruit Mille Crepes",
        "groups": {
          "14221": {
            "14222": {
              "type": "select",
              "label": "Phụ kiện",
              "id": "pewc_group_14221_14222",
              "group_id": "14221",
              "field_id": 14222,
              "price": 10000,
              "value": "Set phụ kiện nến que",
              "flat_rate": [],
              "hidden": "",
              "price_visibility": "hidden",
              "value_without_price": "Set phụ kiện nến que"
            }
          }
        },
        "price_with_extras": 635000,
        "original_price": 625000,
        "aelia_currency": false
      },
      "product_extras_": {
        "product_id": 13831,
        "title": "Passion Fruit Mille Crepes",
        "groups": {
          "14221": {
            "14222": {
              "type": "select",
              "label": "Phụ kiện",
              "id": "pewc_group_14221_14222",
              "group_id": "14221",
              "field_id": 14222,
              "price": 10000,
              "value": "Set phụ kiện nến que",
              "flat_rate": [],
              "hidden": "",
              "price_visibility": "hidden",
              "value_without_price": "Set phụ kiện nến que"
            }
          }
        },
        "price_with_extras": 635000,
        "original_price": 625000,
        "aelia_currency": false
      },
      "key": "046c6af3edcbfc78b047114b0063f594",
      "product_id": 13831,
      "variation_id": 13832,
      "variation": {
        "attribute_pa_size": "size-6"
      },
      "quantity": 1,
      "data_hash": "90a8ff0e6425195f7ac1e38e40b4cc7a",
      "line_tax_data": {
        "subtotal": [],
        "total": []
      },
      "line_subtotal": 635000,
      "line_subtotal_tax": 0,
      "line_total": 635000,
      "line_tax": 0,
      "data": {},
      "product_name": "Passion Fruit Mille Crepes",
      "variation_name": "Passion Fruit Mille Crepes - </span>Size 6, no-addon",
      "variation_sku": "",
      "product_sku": "",
      "extras": [
        {
          "label": "Phụ kiện",
          "value": "Set phụ kiện nến que"
        }
      ]
    },
    "7b46d31322bfba07f81a0403ad0d6d6d": {
      "ph-addons": [],
      "product_extras": {
        "product_id": 13799,
        "title": "Pistachio Mille Crepes",
        "groups": {
          "14221": {
            "14222": {
              "type": "select",
              "label": "Phụ kiện",
              "id": "pewc_group_14221_14222",
              "group_id": "14221",
              "field_id": 14222,
              "price": 0,
              "value": "Set phụ kiện 01 nến số",
              "flat_rate": [],
              "hidden": "",
              "price_visibility": "hidden",
              "value_without_price": "Set phụ kiện 01 nến số"
            },
            "14223": {
              "type": "select",
              "label": "Chọn nến số thứ nhất",
              "id": "pewc_group_14221_14223",
              "group_id": "14221",
              "field_id": 14223,
              "price": 20000,
              "value": "Nến số 4",
              "flat_rate": [],
              "hidden": "",
              "price_visibility": "hidden",
              "value_without_price": "Nến số 4"
            }
          }
        },
        "price_with_extras": 715000,
        "original_price": 695000,
        "aelia_currency": false
      },
      "product_extras_": {
        "product_id": 13799,
        "title": "Pistachio Mille Crepes",
        "groups": {
          "14221": {
            "14222": {
              "type": "select",
              "label": "Phụ kiện",
              "id": "pewc_group_14221_14222",
              "group_id": "14221",
              "field_id": 14222,
              "price": 0,
              "value": "Set phụ kiện 01 nến số",
              "flat_rate": [],
              "hidden": "",
              "price_visibility": "hidden",
              "value_without_price": "Set phụ kiện 01 nến số"
            },
            "14223": {
              "type": "select",
              "label": "Chọn nến số thứ nhất",
              "id": "pewc_group_14221_14223",
              "group_id": "14221",
              "field_id": 14223,
              "price": 20000,
              "value": "Nến số 4",
              "flat_rate": [],
              "hidden": "",
              "price_visibility": "hidden",
              "value_without_price": "Nến số 4"
            }
          }
        },
        "price_with_extras": 715000,
        "original_price": 695000,
        "aelia_currency": false
      },
      "key": "7b46d31322bfba07f81a0403ad0d6d6d",
      "product_id": 13799,
      "variation_id": 13800,
      "variation": {
        "attribute_pa_size": "size-6"
      },
      "quantity": 1,
      "data_hash": "90a8ff0e6425195f7ac1e38e40b4cc7a",
      "line_tax_data": {
        "subtotal": [],
        "total": []
      },
      "line_subtotal": 715000,
      "line_subtotal_tax": 0,
      "line_total": 715000,
      "line_tax": 0,
      "data": {},
      "product_name": "Pistachio Mille Crepes",
      "variation_name": "Pistachio Mille Crepes - </span>Size 6, no-addon",
      "variation_sku": "",
      "product_sku": "",
      "extras": [
        {
          "label": "Phụ kiện",
          "value": "Set phụ kiện 01 nến số"
        },
        {
          "label": "Chọn nến số thứ nhất",
          "value": "Nến số 4"
        }
      ]
    },
    "eab7fc2e675481905605f3120e8e8fc4": {
      "ph-addons": [],
      "product_extras": {
        "product_id": 13831,
        "title": "Passion Fruit Mille Crepes",
        "groups": {
          "14221": {
            "14222": {
              "type": "select",
              "label": "Phụ kiện",
              "id": "pewc_group_14221_14222",
              "group_id": "14221",
              "field_id": 14222,
              "price": 0,
              "value": "Set phụ kiện 02 nến số",
              "flat_rate": [],
              "hidden": "",
              "price_visibility": "hidden",
              "value_without_price": "Set phụ kiện 02 nến số"
            },
            "14223": {
              "type": "select",
              "label": "Chọn nến số thứ nhất",
              "id": "pewc_group_14221_14223",
              "group_id": "14221",
              "field_id": 14223,
              "price": 20000,
              "value": "Nến số 1",
              "flat_rate": [],
              "hidden": "",
              "price_visibility": "hidden",
              "value_without_price": "Nến số 1"
            },
            "14224": {
              "type": "select",
              "label": "Chọn nến số thứ 2",
              "id": "pewc_group_14221_14224",
              "group_id": "14221",
              "field_id": 14224,
              "price": 20000,
              "value": "Nến số 5",
              "flat_rate": [],
              "hidden": "",
              "price_visibility": "hidden",
              "value_without_price": "Nến số 5"
            }
          }
        },
        "price_with_extras": 1165000,
        "original_price": 1125000,
        "aelia_currency": false
      },
      "product_extras_": {
        "product_id": 13831,
        "title": "Passion Fruit Mille Crepes",
        "groups": {
          "14221": {
            "14222": {
              "type": "select",
              "label": "Phụ kiện",
              "id": "pewc_group_14221_14222",
              "group_id": "14221",
              "field_id": 14222,
              "price": 0,
              "value": "Set phụ kiện 02 nến số",
              "flat_rate": [],
              "hidden": "",
              "price_visibility": "hidden",
              "value_without_price": "Set phụ kiện 02 nến số"
            },
            "14223": {
              "type": "select",
              "label": "Chọn nến số thứ nhất",
              "id": "pewc_group_14221_14223",
              "group_id": "14221",
              "field_id": 14223,
              "price": 20000,
              "value": "Nến số 1",
              "flat_rate": [],
              "hidden": "",
              "price_visibility": "hidden",
              "value_without_price": "Nến số 1"
            },
            "14224": {
              "type": "select",
              "label": "Chọn nến số thứ 2",
              "id": "pewc_group_14221_14224",
              "group_id": "14221",
              "field_id": 14224,
              "price": 20000,
              "value": "Nến số 5",
              "flat_rate": [],
              "hidden": "",
              "price_visibility": "hidden",
              "value_without_price": "Nến số 5"
            }
          }
        },
        "price_with_extras": 1165000,
        "original_price": 1125000,
        "aelia_currency": false
      },
      "key": "eab7fc2e675481905605f3120e8e8fc4",
      "product_id": 13831,
      "variation_id": 13835,
      "variation": {
        "attribute_pa_size": "size-8"
      },
      "quantity": 1,
      "data_hash": "11eb043051920db0b019e5dbd0597e29",
      "line_tax_data": {
        "subtotal": [],
        "total": []
      },
      "line_subtotal": 1165000,
      "line_subtotal_tax": 0,
      "line_total": 1165000,
      "line_tax": 0,
      "data": {},
      "product_name": "Passion Fruit Mille Crepes",
      "variation_name": "Passion Fruit Mille Crepes - </span>Size 8, no-addon",
      "variation_sku": "",
      "product_sku": "",
      "extras": [
        {
          "label": "Phụ kiện",
          "value": "Set phụ kiện 02 nến số"
        },
        {
          "label": "Chọn nến số thứ nhất",
          "value": "Nến số 1"
        },
        {
          "label": "Chọn nến số thứ 2",
          "value": "Nến số 5"
        }
      ]
    },
    "50937f8d4d3e090a8d541fc0c1acabd5": {
      "ph-addons": [],
      "product_extras": {
        "product_id": 14108,
        "title": "Pon Huge Brunch Bag",
        "groups": {
          "14109": {
            "14110": {
              "type": "checkbox",
              "label": "Classic Butter Brioche",
              "id": "pewc_group_14109_14110",
              "group_id": "14109",
              "field_id": "14110",
              "price": 0,
              "value": "__checked__",
              "flat_rate": [],
              "hidden": "",
              "price_visibility": "hidden",
              "value_without_price": "__checked__"
            },
            "14114": {
              "type": "checkbox",
              "label": "Truffle Mushroom & Camembert Brioche",
              "id": "pewc_group_14109_14114",
              "group_id": "14109",
              "field_id": "14114",
              "price": 0,
              "value": "__checked__",
              "flat_rate": [],
              "hidden": "",
              "price_visibility": "hidden"
            }
          }
        },
        "price_with_extras": 750000,
        "original_price": 750000,
        "aelia_currency": false
      },
      "product_extras_": {
        "product_id": 14108,
        "title": "Pon Huge Brunch Bag",
        "groups": {
          "14109": {
            "14110": {
              "type": "checkbox",
              "label": "Classic Butter Brioche",
              "id": "pewc_group_14109_14110",
              "group_id": "14109",
              "field_id": "14110",
              "price": 0,
              "value": "__checked__",
              "flat_rate": [],
              "hidden": "",
              "price_visibility": "hidden",
              "value_without_price": "__checked__"
            },
            "14114": {
              "type": "checkbox",
              "label": "Truffle Mushroom & Camembert Brioche",
              "id": "pewc_group_14109_14114",
              "group_id": "14109",
              "field_id": "14114",
              "price": 0,
              "value": "__checked__",
              "flat_rate": [],
              "hidden": "",
              "price_visibility": "hidden"
            }
          }
        },
        "price_with_extras": 750000,
        "original_price": 750000,
        "aelia_currency": false
      },
      "key": "50937f8d4d3e090a8d541fc0c1acabd5",
      "product_id": 14108,
      "variation_id": 0,
      "variation": [],
      "quantity": 1,
      "data_hash": "b5c1d5ca8bae6d4896cf1807cdf763f0",
      "line_tax_data": {
        "subtotal": [],
        "total": []
      },
      "line_subtotal": 750000,
      "line_subtotal_tax": 0,
      "line_total": 750000,
      "line_tax": 0,
      "data": {},
      "product_name": "Pon Huge Brunch Bag",
      "variation_name": "",
      "variation_sku": "",
      "product_sku": "",
      "extras": [
        {
          "label": "Classic Butter Brioche",
          "value": "__checked__"
        },
        {
          "label": "Truffle Mushroom & Camembert Brioche",
          "value": "__checked__"
        }
      ]
    },
    "df523608a7346fa7b65ab77a66eef4e2": {
      "ph-addons": [],
      "product_extras": {
        "product_id": 14132,
        "title": "Pon Celebration Bag",
        "groups": {
          "14133": {
            "14134": {
              "type": "radio",
              "label": "Chọn trà",
              "id": "pewc_group_14133_14134",
              "group_id": "14133",
              "field_id": "14134",
              "price": 0,
              "value": "South Of France",
              "flat_rate": [],
              "hidden": "",
              "price_visibility": "hidden",
              "value_without_price": "South Of France"
            }
          },
          "14137": {
            "14138": {
              "type": "radio",
              "label": "Chọn Bánh gato",
              "id": "pewc_group_14137_14138",
              "group_id": "14137",
              "field_id": "14138",
              "price": 0,
              "value": "Milky Mille Crepes",
              "flat_rate": [],
              "hidden": "",
              "price_visibility": "hidden",
              "value_without_price": "Milky Mille Crepes"
            }
          }
        },
        "price_with_extras": 1050000,
        "original_price": 1050000,
        "aelia_currency": false
      },
      "product_extras_": {
        "product_id": 14132,
        "title": "Pon Celebration Bag",
        "groups": {
          "14133": {
            "14134": {
              "type": "radio",
              "label": "Chọn trà",
              "id": "pewc_group_14133_14134",
              "group_id": "14133",
              "field_id": "14134",
              "price": 0,
              "value": "South Of France",
              "flat_rate": [],
              "hidden": "",
              "price_visibility": "hidden",
              "value_without_price": "South Of France"
            }
          },
          "14137": {
            "14138": {
              "type": "radio",
              "label": "Chọn Bánh gato",
              "id": "pewc_group_14137_14138",
              "group_id": "14137",
              "field_id": "14138",
              "price": 0,
              "value": "Milky Mille Crepes",
              "flat_rate": [],
              "hidden": "",
              "price_visibility": "hidden",
              "value_without_price": "Milky Mille Crepes"
            }
          }
        },
        "price_with_extras": 1050000,
        "original_price": 1050000,
        "aelia_currency": false
      },
      "key": "df523608a7346fa7b65ab77a66eef4e2",
      "product_id": 14132,
      "variation_id": 0,
      "variation": [],
      "quantity": 1,
      "data_hash": "b5c1d5ca8bae6d4896cf1807cdf763f0",
      "line_tax_data": {
        "subtotal": [],
        "total": []
      },
      "line_subtotal": 1050000,
      "line_subtotal_tax": 0,
      "line_total": 1050000,
      "line_tax": 0,
      "data": {},
      "product_name": "Pon Celebration Bag",
      "variation_name": "",
      "variation_sku": "",
      "product_sku": "",
      "extras": [
        {
          "label": "Chọn trà",
          "value": "South Of France"
        },
        {
          "label": "Chọn Bánh gato",
          "value": "Milky Mille Crepes"
        }
      ]
    }
  },
  "b": {
    "data": {
      "Pos_Parent": "SAOBANG",
      "Pos_Id": 3160,
      "Coupon_Code": "M5JZM5QG",
      "Membership_Id": "84967142868",
      "source_fb_id": 10000162,
      "Voucher_Order_Line": [
        {
          "Item_Type_Id": "CF",
          "Item_Id": "BR09",
          "Description": "BR09",
          "Quantity": 2,
          "Amount": 120000,
          "Price_Sale": 60000
        }
      ],
      "Dm_Voucher_Log": {
        "voucher_code": "M5JZM5QG",
        "voucher_campaign_id": 130117,
        "voucher_campaign_name": "Miễn phí 01 đồ uống bất kỳ_khi tích đủ 60 PON",
        "voucher_description": "Mã: M5JZM5QG, HSD: 30/06/2023",
        "pos_parent": "SAOBANG",
        "pos_id": 0,
        "date_created": "2023-06-21 11:39:08",
        "date_start": "2023-06-21 00:00:00",
        "date_end": "2023-06-30 23:59:59",
        "date_hash": "",
        "amount_order_over": 0,
        "discount_type": 2,
        "discount_amount": 0,
        "discount_extra": 1,
        "is_all_item": 0,
        "item_type_id_list": "CF",
        "status": 4,
        "buyer_info": "84987654444",
        "affiliate_id": 10000162,
        "affiliate_discount_type": 0,
        "affiliate_discount_amount": 0,
        "affiliate_discount_extra": 0,
        "affiliate_used_total_amount": 0,
        "used_discount_amount": 60000,
        "used_bill_amount": 120000,
        "used_pos_id": 0,
        "is_delivery": 1,
        "is_ots": 1,
        "requied_member": 0,
        "discount_max": 0,
        "list_pos_id": "",
        "item_id_list": "",
        "discount_one_item": 0,
        "is_coupon": 0,
        "only_coupon": 1,
        "apply_item_id": "",
        "apply_item_type": "CF",
        "number_item_buy": 1,
        "number_item_free": 1,
        "same_price": 0,
        "time_hour_day": 16777215,
        "time_date_week": 254,
        "limit_discount_item": 0,
        "min_quantity_discount": 0,
        "is_same_item": 0,
        "only_buyer_can_use": 0,
        "is_discount_combo": 0,
        "accumulated_amount": 0,
        "is_split_discount_per_item": 1,
        "gift_items": [],
        "preferential_type": 3,
        "has_sale_manager": 0,
        "callback_valid_voucher": "",
        "discount_per_item": 0,
        "list_item_up_size": "",
        "offset_time": 0,
        "apply_type": "apply",
        "comm_rate": 0,
        "comm_amount": 0,
        "comm_max": 0,
        "mkt_rate": 0,
        "mkt_amount": 0,
        "mkt_max": 0,
        "is_momo_campaign": 0
      },
      "Created_At": "2023-06-22 10:24:54",
      "Updated_At": "2023-06-22 10:24:54",
      "Message": "Miễn phí 01 đồ uống bất kỳ_khi tích đủ 60 PON",
      "Code": 4,
      "Type": 0,
      "Discount_Amount": 60000,
      "Discount_Description": "Miễn phí 01 đồ uống bất kỳ_khi tích đủ 60 PON",
      "Date_Start": "2023-06-21 00:00:00",
      "Date_End": "2023-06-30 23:59:59",
      "UserInfo": {
        "Id": 84987654444,
        "Member_Name": "HOA LAN",
        "Phone_Number": "84987654444"
      },
      "Is_Coupon": 0,
      "Only_Coupon": 1,
      "voucher_campaign_id": 130117,
      "voucher_campaign_name": "Miễn phí 01 đồ uống bất kỳ_khi tích đủ 60 PON",
      "nonepoint": false,
      "Is_Discount_Combo": 0,
      "comm_rate": 0,
      "comm_amount": 0,
      "comm_max": 0,
      "mkt_rate": 0,
      "mkt_amount": 0,
      "mkt_max": 0,
      "final_bill_amount": 60000,
      "origin_amount": 120000,
      "vat_amount": 0
    },
    "trackid": "230622-102454-684437",
    "ip": "2023-06-22 10:24:54 ICT  |  10.244.162.119  |  127.0.0.1"
  },
  "c": {
    "id": 14457,
    "parent_id": 0,
    "status": "processing",
    "currency": "VND",
    "version": "7.8.0",
    "prices_include_tax": false,
    "date_created": {
      "date": "2023-06-23 07:34:54.000000",
      "timezone_type": 1,
      "timezone": "+00:00"
    },
    "date_modified": {
      "date": "2023-06-23 07:34:54.000000",
      "timezone_type": 1,
      "timezone": "+00:00"
    },
    "discount_total": "0",
    "discount_tax": "0",
    "shipping_total": "25120",
    "shipping_tax": "0",
    "cart_tax": "0",
    "total": "347620",
    "total_tax": "0",
    "customer_id": 18401,
    "order_key": "wc_order_VTehuohnZT39m",
    "billing": {
      "first_name": "Việt",
      "last_name": "Anh",
      "company": "",
      "address_1": "P103-TT Ban Đối Ngoại, Ngọc Khánh, Ba Đình",
      "address_2": "",
      "city": "",
      "state": "",
      "postcode": "",
      "country": "VN",
      "email": "vietanh8i1998@gmail.com",
      "phone": "84326373667"
    },
    "shipping": {
      "first_name": "",
      "last_name": "",
      "company": "",
      "address_1": "",
      "address_2": "",
      "city": "",
      "state": "",
      "postcode": "",
      "country": "",
      "phone": ""
    },
    "payment_method": "cod",
    "payment_method_title": "Thanh toán bằng tiền mặt",
    "transaction_id": "",
    "customer_ip_address": "118.70.236.74",
    "customer_user_agent": "Mozilla/5.0 (Windows NT 10.0; Win64; x64) AppleWebKit/537.36 (KHTML, like Gecko) Chrome/114.0.0.0 Safari/537.36",
    "created_via": "checkout",
    "customer_note": "Giao som nhe",
    "date_completed": null,
    "date_paid": null,
    "cart_hash": "cdee40ce5119fc9ca7ff15e5b31c95bf",
    "order_stock_reduced": true,
    "download_permissions_granted": true,
    "new_order_email_sent": true,
    "recorded_sales": true,
    "recorded_coupon_usage_counts": true,
    "number": "14457",
    "meta_data": [
      {
        "id": 36001,
        "key": "_billing_wooccm12",
        "value": "1"
      },
      {
        "id": 36002,
        "key": "_billing_wooccm11",
        "value": "Delivery - Giao tận nơi (chỉ áp dụng trong khu vực nội thành Hà Nội)"
      },
      {
        "id": 36003,
        "key": "_billing_wooccm13",
        "value": "2023/06/23 20:34"
      },
      {
        "id": 36004,
        "key": "is_vat_exempt",
        "value": "no"
      },
      {
        "id": 36005,
        "key": "trp_language",
        "value": "vi"
      },
      {
        "id": 36014,
        "key": "pewc_product_extra_id",
        "value": "14458"
      },
      {
        "id": 36015,
        "key": "pewc_uploaded_files",
        "value": []
      },
      {
        "id": 36017,
        "key": "_ga_tracked",
        "value": "1"
      }
    ],
    "line_items": {
      "54": {}
    },
    "tax_lines": [],
    "shipping_lines": {
      "56": {}
    },
    "fee_lines": {
      "55": {}
    },
    "coupon_lines": [],
    "order_items": {
      "54": {
        "id": 54,
        "order_id": 14457,
        "name": "Passion Fruit Mille Crepes - </span>Size 6",
        "product_id": 13831,
        "variation_id": 13832,
        "quantity": 1,
        "tax_class": "",
        "subtotal": "645000",
        "subtotal_tax": "0",
        "total": "645000",
        "total_tax": "0",
        "taxes": {
          "total": [],
          "subtotal": []
        },
        "meta_data": [
          {
            "id": 512,
            "key": "pa_size",
            "value": "size-6"
          },
          {
            "id": 513,
            "key": "_Phụ kiện",
            "value": "Set phụ kiện 01 nến số 0 ₫</span></span>"
          },
          {
            "id": 514,
            "key": "_Chọn nến số thứ nhất",
            "value": "Nến số 2 20.000 ₫</span></span>"
          },
          {
            "id": 515,
            "key": "product_extras",
            "value": {
              "product_id": 13831,
              "title": "Passion Fruit Mille Crepes",
              "groups": {
                "14221": {
                  "14222": {
                    "type": "select",
                    "label": "Phụ kiện",
                    "id": "pewc_group_14221_14222",
                    "group_id": "14221",
                    "field_id": 14222,
                    "price": 0,
                    "value": "Set phụ kiện 01 nến số",
                    "flat_rate": [],
                    "hidden": "",
                    "price_visibility": "hidden",
                    "value_without_price": "Set phụ kiện 01 nến số"
                  },
                  "14223": {
                    "type": "select",
                    "label": "Chọn nến số thứ nhất",
                    "id": "pewc_group_14221_14223",
                    "group_id": "14221",
                    "field_id": 14223,
                    "price": 20000,
                    "value": "Nến số 2",
                    "flat_rate": [],
                    "hidden": "",
                    "price_visibility": "hidden",
                    "value_without_price": "Nến số 2"
                  }
                }
              },
              "price_with_extras": 645000,
              "original_price": 625000,
              "aelia_currency": false
            }
          }
        ]
      }
    },
    "order_fees": {
      "55": {
        "id": 55,
        "order_id": 14457,
        "name": "Siêu giảm giá các sản phẩm Cafe",
        "tax_class": "0",
        "tax_status": "taxable",
        "amount": "-322500",
        "total": "-322500",
        "total_tax": "0",
        "taxes": {
          "total": []
        },
        "meta_data": []
      }
    },
    "order_shipping_lines": {
      "56": {
        "id": 56,
        "order_id": 14457,
        "name": "Delivery - C'est Si Bon 276 Thái Hà, Ô Chợ Dừa, Đống Đa, Hà Nội",
        "method_title": "Delivery - C'est Si Bon 276 Thái Hà, Ô Chợ Dừa, Đống Đa, Hà Nội",
        "method_id": "wcsdm",
        "instance_id": "13",
        "total": "25120",
        "total_tax": "0",
        "taxes": {
          "total": []
        },
        "meta_data": [
          {
            "id": 527,
            "key": "api_response",
            "value": {
              "distance": "3.14",
              "distance_text": "3.1 km",
              "duration": "644",
              "duration_text": "10 minutes"
            }
          },
          {
            "id": 528,
            "key": "Mặt hàng",
            "value": "Passion Fruit Mille Crepes - Size 6 × 1"
          }
        ]
      }
    }
  },
  "d": {
    "order_id": "14502",
    "order_data": {
      "id": 14502,
      "parent_id": 0,
      "status": "processing",
      "currency": "VND",
      "version": "7.8.0",
      "prices_include_tax": false,
      "date_created": {
        "date": "2023-06-25 13:45:24.000000",
        "timezone_type": 1,
        "timezone": "+00:00"
      },
      "date_modified": {
        "date": "2023-06-25 13:45:24.000000",
        "timezone_type": 1,
        "timezone": "+00:00"
      },
      "discount_total": "0",
      "discount_tax": "0",
      "shipping_total": "25120",
      "shipping_tax": "0",
      "cart_tax": "0",
      "total": "357620",
      "total_tax": "0",
      "customer_id": 18401,
      "order_key": "wc_order_mRC9o2O3qQYRy",
      "billing": {
        "first_name": "Việt",
        "last_name": "Anh",
        "company": "",
        "address_1": "P103-TT Ban Đối Ngoại, Ngọc Khánh, Ba Đình",
        "address_2": "",
        "city": "",
        "state": "",
        "postcode": "",
        "country": "VN",
        "email": "vietanh8i1998@gmail.com",
        "phone": "84326373667"
      },
      "shipping": {
        "first_name": "",
        "last_name": "",
        "company": "",
        "address_1": "",
        "address_2": "",
        "city": "",
        "state": "",
        "postcode": "",
        "country": "",
        "phone": ""
      },
      "payment_method": "cod",
      "payment_method_title": "Thanh toán bằng tiền mặt",
      "transaction_id": "",
      "customer_ip_address": "171.241.16.239",
      "customer_user_agent": "Mozilla/5.0 (Windows NT 10.0; Win64; x64) AppleWebKit/537.36 (KHTML, like Gecko) Chrome/114.0.0.0 Safari/537.36",
      "created_via": "checkout",
      "customer_note": "",
      "date_completed": null,
      "date_paid": null,
      "cart_hash": "faed2fc4d1efe049244b3ecbb51e870a",
      "order_stock_reduced": true,
      "download_permissions_granted": true,
      "new_order_email_sent": true,
      "recorded_sales": true,
      "recorded_coupon_usage_counts": true,
      "number": "14502",
      "meta_data": [
        {
          "id": 36355,
          "key": "_billing_wooccm12",
          "value": "1"
        },
        {
          "id": 36356,
          "key": "_billing_wooccm11",
          "value": "Delivery - Giao tận nơi (chỉ áp dụng trong khu vực nội thành Hà Nội)"
        },
        {
          "id": 36357,
          "key": "_billing_wooccm13",
          "value": "2023/06/23 20:34"
        },
        {
          "id": 36358,
          "key": "is_vat_exempt",
          "value": "no"
        },
        {
          "id": 36359,
          "key": "trp_language",
          "value": "vi"
        },
        {
          "id": 36368,
          "key": "pewc_product_extra_id",
          "value": "14503"
        },
        {
          "id": 36369,
          "key": "pewc_uploaded_files",
          "value": []
        },
        {
          "id": 36371,
          "key": "_ga_tracked",
          "value": "1"
        }
      ],
      "line_items": {
        "63": {}
      },
      "tax_lines": [],
      "shipping_lines": {
        "65": {}
      },
      "fee_lines": {
        "64": {}
      },
      "coupon_lines": [],
      "order_items": {
        "63": {
          "id": 63,
          "order_id": 14502,
          "name": "Passion Fruit Mille Crepes - </span>Size 6",
          "product_id": 13831,
          "variation_id": 13832,
          "quantity": 1,
          "tax_class": "",
          "subtotal": "665000",
          "subtotal_tax": "0",
          "total": "665000",
          "total_tax": "0",
          "taxes": {
            "total": [],
            "subtotal": []
          },
          "meta_data": [
            {
              "id": 600,
              "key": "pa_size",
              "value": "size-6"
            },
            {
              "id": 601,
              "key": "_Phụ kiện",
              "value": "Set phụ kiện 02 nến số 0 ₫</span></span>"
            },
            {
              "id": 602,
              "key": "_Chọn nến số thứ nhất",
              "value": "Nến số 1 20.000 ₫</span></span>"
            },
            {
              "id": 603,
              "key": "_Chọn nến số thứ 2",
              "value": "Nến số 3 20.000 ₫</span></span>"
            },
            {
              "id": 604,
              "key": "product_extras",
              "value": {
                "product_id": 13831,
                "title": "Passion Fruit Mille Crepes",
                "groups": {
                  "14221": {
                    "14222": {
                      "type": "select",
                      "label": "Phụ kiện",
                      "id": "pewc_group_14221_14222",
                      "group_id": "14221",
                      "field_id": 14222,
                      "price": 0,
                      "value": "Set phụ kiện 02 nến số",
                      "flat_rate": [],
                      "hidden": "",
                      "price_visibility": "hidden",
                      "value_without_price": "Set phụ kiện 02 nến số"
                    },
                    "14223": {
                      "type": "select",
                      "label": "Chọn nến số thứ nhất",
                      "id": "pewc_group_14221_14223",
                      "group_id": "14221",
                      "field_id": 14223,
                      "price": 20000,
                      "value": "Nến số 1",
                      "flat_rate": [],
                      "hidden": "",
                      "price_visibility": "hidden",
                      "value_without_price": "Nến số 1"
                    },
                    "14224": {
                      "type": "select",
                      "label": "Chọn nến số thứ 2",
                      "id": "pewc_group_14221_14224",
                      "group_id": "14221",
                      "field_id": 14224,
                      "price": 20000,
                      "value": "Nến số 3",
                      "flat_rate": [],
                      "hidden": "",
                      "price_visibility": "hidden",
                      "value_without_price": "Nến số 3"
                    }
                  }
                },
                "price_with_extras": 665000,
                "original_price": 625000,
                "aelia_currency": false
              }
            }
          ]
        }
      },
      "order_fees": {
        "64": {
          "id": 64,
          "order_id": 14502,
          "name": "Siêu giảm giá các sản phẩm Cafe",
          "tax_class": "0",
          "tax_status": "taxable",
          "amount": "-332500",
          "total": "-332500",
          "total_tax": "0",
          "taxes": {
            "total": []
          },
          "meta_data": []
        }
      },
      "order_shipping_lines": {
        "65": {
          "id": 65,
          "order_id": 14502,
          "name": "Delivery - C'est Si Bon 276 Thái Hà, Ô Chợ Dừa, Đống Đa, Hà Nội",
          "method_title": "Delivery - C'est Si Bon 276 Thái Hà, Ô Chợ Dừa, Đống Đa, Hà Nội",
          "method_id": "wcsdm",
          "instance_id": "13",
          "total": "25120",
          "total_tax": "0",
          "taxes": {
            "total": []
          },
          "meta_data": [
            {
              "id": 616,
              "key": "api_response",
              "value": {
                "distance": "3.14",
                "distance_text": "3.1 km",
                "duration": "644",
                "duration_text": "10 minutes"
              }
            },
            {
              "id": 617,
              "key": "Mặt hàng",
              "value": "Passion Fruit Mille Crepes - Size 6 × 1"
            }
          ]
        }
      },
      "shipping_method": {
        "is_delivery": true,
        "pickup_location": "",
        "total": 25120
      }
    },
    "order_request": {
      "pos_parent": "SAOBANG",
      "created_by": "API",
      "user_id": "hHBfrVQD2J",
      "username": null,
      "return_data": "full",
      "is_estimate": 0,
      "foodbook_code": "14502",
      "order_type": "DELIAT",
      "pos_id": null,
      "ship_price_real": "357620",
      "to_address": "P103-TT Ban Đối Ngoại, Ngọc Khánh, Ba Đình",
      "note": "",
      "amount": 665000,
      "total_amount": 357620,
      "PaymentInfo": {
        "Payment_Method": "PAYMENT_ON_DELIVERY",
        "Amount": 0
      },
      "Booking_Info": {
        "Book_Date": "2023-06-23 00:00:00",
        "Hour": "20",
        "Minute": "34",
        "Number_People": -1
      }
    },
    "booking_info": {
      "Book_Date": "2023-06-23 00:00:00",
      "Hour": "20",
      "Minute": "34",
      "Number_People": -1
    }
  },
  "e": {
    "order_id": "14565",
    "order_data": {
      "id": 14565,
      "parent_id": 0,
      "status": "processing",
      "currency": "VND",
      "version": "7.8.0",
      "prices_include_tax": false,
      "date_created": {
        "date": "2023-06-26 06:22:43.000000",
        "timezone_type": 1,
        "timezone": "+00:00"
      },
      "date_modified": {
        "date": "2023-06-26 06:22:44.000000",
        "timezone_type": 1,
        "timezone": "+00:00"
      },
      "discount_total": "0",
      "discount_tax": "0",
      "shipping_total": "25120",
      "shipping_tax": "0",
      "cart_tax": "0",
      "total": "2460120",
      "total_tax": "0",
      "customer_id": 18401,
      "order_key": "wc_order_4KKnNZIvXVXRx",
      "billing": {
        "first_name": "Việt",
        "last_name": "Anh",
        "company": "",
        "address_1": "P103-TT Ban Đối Ngoại, Ngọc Khánh, Ba Đình",
        "address_2": "",
        "city": "",
        "state": "",
        "postcode": "",
        "country": "VN",
        "email": "vietanh8i1998@gmail.com",
        "phone": "84326373667"
      },
      "shipping": {
        "first_name": "",
        "last_name": "",
        "company": "",
        "address_1": "",
        "address_2": "",
        "city": "",
        "state": "",
        "postcode": "",
        "country": "",
        "phone": ""
      },
      "payment_method": "cod",
      "payment_method_title": "Thanh toán bằng tiền mặt",
      "transaction_id": "",
      "customer_ip_address": "118.70.236.74",
      "customer_user_agent": "Mozilla/5.0 (Windows NT 10.0; Win64; x64) AppleWebKit/537.36 (KHTML, like Gecko) Chrome/114.0.0.0 Safari/537.36",
      "created_via": "checkout",
      "customer_note": "",
      "date_completed": null,
      "date_paid": null,
      "cart_hash": "7439446c78cfc2ae87be32f0d932044e",
      "order_stock_reduced": true,
      "download_permissions_granted": true,
      "new_order_email_sent": true,
      "recorded_sales": true,
      "recorded_coupon_usage_counts": true,
      "number": "14565",
      "meta_data": [
        {
          "id": 36647,
          "key": "_billing_wooccm12",
          "value": "1"
        },
        {
          "id": 36648,
          "key": "_billing_wooccm11",
          "value": "Delivery - Giao tận nơi (chỉ áp dụng trong khu vực nội thành Hà Nội)"
        },
        {
          "id": 36649,
          "key": "_billing_wooccm13",
          "value": "2023/06/23 20:34"
        },
        {
          "id": 36650,
          "key": "is_vat_exempt",
          "value": "no"
        },
        {
          "id": 36651,
          "key": "trp_language",
          "value": "vi"
        },
        {
          "id": 36660,
          "key": "pewc_product_extra_id",
          "value": "14568"
        },
        {
          "id": 36661,
          "key": "pewc_uploaded_files",
          "value": []
        },
        {
          "id": 36681,
          "key": "_ga_tracked",
          "value": "1"
        }
      ],
      "line_items": {
        "66": {},
        "67": {},
        "68": {}
      },
      "tax_lines": [],
      "shipping_lines": {
        "69": {}
      },
      "fee_lines": [],
      "coupon_lines": [],
      "order_items": {
        "66": {
          "id": 66,
          "order_id": 14565,
          "name": "Pon Huge Brunch Bag",
          "product_id": 14108,
          "variation_id": 0,
          "quantity": 1,
          "tax_class": "",
          "subtotal": "750000",
          "subtotal_tax": "0",
          "total": "750000",
          "total_tax": "0",
          "taxes": {
            "total": [],
            "subtotal": []
          },
          "meta_data": [
            {
              "id": 627,
              "key": "_Classic Butter Brioche",
              "value": "</span> 0 ₫</span></span>"
            },
            {
              "id": 628,
              "key": "_Truffle Mushroom & Camembert Brioche",
              "value": "</span> 0 ₫</span></span>"
            },
            {
              "id": 629,
              "key": "product_extras",
              "value": {
                "product_id": 14108,
                "title": "Pon Huge Brunch Bag",
                "groups": {
                  "14109": {
                    "14110": {
                      "type": "checkbox",
                      "label": "Classic Butter Brioche",
                      "id": "pewc_group_14109_14110",
                      "group_id": "14109",
                      "field_id": "14110",
                      "price": 0,
                      "value": "__checked__",
                      "flat_rate": [],
                      "hidden": "",
                      "price_visibility": "hidden",
                      "value_without_price": "__checked__"
                    },
                    "14114": {
                      "type": "checkbox",
                      "label": "Truffle Mushroom & Camembert Brioche",
                      "id": "pewc_group_14109_14114",
                      "group_id": "14109",
                      "field_id": "14114",
                      "price": 0,
                      "value": "__checked__",
                      "flat_rate": [],
                      "hidden": "",
                      "price_visibility": "hidden"
                    }
                  }
                },
                "price_with_extras": 750000,
                "original_price": 750000,
                "aelia_currency": false
              }
            }
          ]
        },
        "67": {
          "id": 67,
          "order_id": 14565,
          "name": "Passion Fruit Mille Crepes - </span>Size 6",
          "product_id": 13831,
          "variation_id": 13832,
          "quantity": 1,
          "tax_class": "",
          "subtotal": "635000",
          "subtotal_tax": "0",
          "total": "635000",
          "total_tax": "0",
          "taxes": {
            "total": [],
            "subtotal": []
          },
          "meta_data": [
            {
              "id": 639,
              "key": "pa_size",
              "value": "size-6"
            },
            {
              "id": 640,
              "key": "_Phụ kiện",
              "value": "Set phụ kiện nến que 10.000 ₫</span></span>"
            },
            {
              "id": 641,
              "key": "product_extras",
              "value": {
                "product_id": 13831,
                "title": "Passion Fruit Mille Crepes",
                "groups": {
                  "14221": {
                    "14222": {
                      "type": "select",
                      "label": "Phụ kiện",
                      "id": "pewc_group_14221_14222",
                      "group_id": "14221",
                      "field_id": 14222,
                      "price": 10000,
                      "value": "Set phụ kiện nến que",
                      "flat_rate": [],
                      "hidden": "",
                      "price_visibility": "hidden",
                      "value_without_price": "Set phụ kiện nến que"
                    }
                  }
                },
                "price_with_extras": 635000,
                "original_price": 625000,
                "aelia_currency": false
              }
            }
          ]
        },
        "68": {
          "id": 68,
          "order_id": 14565,
          "name": "Pon Celebration Bag",
          "product_id": 14132,
          "variation_id": 0,
          "quantity": 1,
          "tax_class": "",
          "subtotal": "1050000",
          "subtotal_tax": "0",
          "total": "1050000",
          "total_tax": "0",
          "taxes": {
            "total": [],
            "subtotal": []
          },
          "meta_data": [
            {
              "id": 651,
              "key": "_Chọn trà",
              "value": "The Other Earl Grey 0 ₫</span></span>"
            },
            {
              "id": 652,
              "key": "_Chọn Bánh gato",
              "value": "Tiramisu Mille Crepes 0 ₫</span></span>"
            },
            {
              "id": 653,
              "key": "product_extras",
              "value": {
                "product_id": 14132,
                "title": "Pon Celebration Bag",
                "groups": {
                  "14133": {
                    "14134": {
                      "type": "radio",
                      "label": "Chọn trà",
                      "id": "pewc_group_14133_14134",
                      "group_id": "14133",
                      "field_id": "14134",
                      "price": 0,
                      "value": "The Other Earl Grey",
                      "flat_rate": [],
                      "hidden": "",
                      "price_visibility": "hidden",
                      "value_without_price": "The Other Earl Grey"
                    }
                  },
                  "14137": {
                    "14138": {
                      "type": "radio",
                      "label": "Chọn Bánh gato",
                      "id": "pewc_group_14137_14138",
                      "group_id": "14137",
                      "field_id": "14138",
                      "price": 0,
                      "value": "Tiramisu Mille Crepes",
                      "flat_rate": [],
                      "hidden": "",
                      "price_visibility": "hidden",
                      "value_without_price": "Tiramisu Mille Crepes"
                    }
                  }
                },
                "price_with_extras": 1050000,
                "original_price": 1050000,
                "aelia_currency": false
              }
            }
          ]
        }
      },
      "order_fees": [],
      "order_shipping_lines": {
        "69": {
          "id": 69,
          "order_id": 14565,
          "name": "Delivery - C'est Si Bon 276 Thái Hà, Ô Chợ Dừa, Đống Đa, Hà Nội",
          "method_title": "Delivery - C'est Si Bon 276 Thái Hà, Ô Chợ Dừa, Đống Đa, Hà Nội",
          "method_id": "wcsdm",
          "instance_id": "13",
          "total": "25120",
          "total_tax": "0",
          "taxes": {
            "total": []
          },
          "meta_data": [
            {
              "id": 659,
              "key": "api_response",
              "value": {
                "distance": "3.14",
                "distance_text": "3.1 km",
                "duration": "644",
                "duration_text": "10 minutes"
              }
            },
            {
              "id": 660,
              "key": "Mặt hàng",
              "value": "Pon Huge Brunch Bag × 1, Passion Fruit Mille Crepes - Size 6 × 1, Pon Celebration Bag × 1"
            }
          ]
        }
      },
      "shipping_method": {
        "is_delivery": true,
        "pickup_location": "",
        "total": 25120
      }
    },
    "order_request": {
      "pos_parent": "SAOBANG",
      "created_by": "API",
      "user_id": "84987654444",
      "username": "HOA LAN",
      "return_data": "full",
      "is_estimate": 0,
      "foodbook_code": "14565",
      "order_type": "DELIAT",
      "pos_id": null,
      "ship_price_real": "2460120",
      "to_address": "P103-TT Ban Đối Ngoại, Ngọc Khánh, Ba Đình",
      "note": "",
      "amount": 2435000,
      "total_amount": 2460120,
      "PaymentInfo": {
        "Payment_Method": "PAYMENT_ON_DELIVERY",
        "Amount": 0
      },
      "Booking_Info": {
        "Book_Date": "2023-06-23 00:00:00",
        "Hour": "20",
        "Minute": "34",
        "Number_People": -1
      }
    },
    "order_items": [
      {
        "Item_Type_Id": "",
        "Item_Id": null,
        "Item_Name": "Pon Huge Brunch Bag",
        "Quantity": 1,
        "Price": 750000
      },
      {
        "Item_Type_Id": "CF",
        "Item_Id": "BR09",
        "Item_Name": "Passion Fruit Mille Crepes - Size 6",
        "Quantity": 1,
        "Price": 625000
      },
      {
        "Item_Type_Id": "TYPEID",
        "Item_Id": "STOREID",
        "Item_Name": "Pon Celebration Bag",
        "Quantity": 1,
        "Price": 1050000
      }
    ],
    "trace": []
  }
}
